{
  "best_model": "XGBoost",
  "r2": 0.6659138113415313,
  "mse": 2729922.259802026
}