{
  "best_model": "RandomForest",
  "r2": 0.6701288972946274,
  "mse": 2695479.4801811683
}