{
  "best_model": "RandomForest",
  "r2": 0.6701489370909128,
  "mse": 2695315.7287666574
}